timestamp,question,answer,feedback,response_time
2026-08-01T04:40:18.713074,Who found out about the dancing plague?,"The outbreak seems to have been first noticed when Frau Troffea and her daughter, Fräulein Emma Götz, began dancing uncontrollably in Strasbourg in July 1518. If you meant who later documented or studied it, I can look into that too.

Would you like to explore more about the cause, the people involved, or how it ended?",1,5.54072380065918
2026-08-01T04:41:50.515928,What kind of dance did the affected people do?,"The affected people did a kind of uncontrolled, nonstop dancing—more like a dancing mania than a normal social dance. They reportedly danced for days or even weeks in a frantic way.

If you want, I can also explain why it was called a “plague” or what people at the time thought caused it.",1,2.354919672012329
2026-08-01T04:47:56.520444,Where there any famous people who got the dancing plague?,"Yes—there was at least one named person often mentioned in accounts of the Dancing Plague of 1518: **Frau Troffea**. The outbreak is said to have begun when **Frau Troffea and her daughter, Fräulein Emma Götz**, started dancing uncontrollably in the streets of Strasbourg.

That said, the historical record doesn’t give us a long list of “famous people” who got it. Most of the people affected were ordinary townspeople, and the sources focus more on the outbreak itself than on individual identities.

If you want, I can also tell you more about **Frau Troffea**, **what happened to the people who joined in**, or **why the dancing plague started**.",-1,3.94331431388855
